username,recommended_id
Vishal17,1064.0
Vishal17,1062.0
Vishal17,1066.0
Vishal17,1065.0
Vishal17,1164.0
Vishal17,159.0
Vishal17,560.0
Vishal17,549.0
Vishal17,173.0
Vishal17,1163.0
Vishal17,44.0
Vishal17,151.0
Vishal17,590.0
Vishal17,19.0
Vishal17,1162.0
Vishal17,161.0
Vishal17,1088.0
Vishal17,540.0
Vishal17,150.0
Vishal17,1161.0
Vishal17,52.0
Vishal17,143.0
Vishal17,31.0
Vishal17,1063.0
Vishal17,1160.0
Vishal17,13.0
Vishal17,558.0
Vishal17,415.0
Vishal17,56.0
Vishal17,1159.0
Vishal17,583.0
Vishal17,33.0
Vishal17,551.0
Vishal17,1087.0
Vishal17,1158.0
Vishal17,43.0
Vishal17,1060.0
Vishal17,148.0
Vishal17,979.0
Vishal17,1157.0
Vishal17,629.0
Vishal17,1057.0
Vishal17,1059.0
Vishal17,86.0
Vishal17,1156.0
Vishal17,1055.0
Vishal17,1079.0
Vishal17,154.0
Vishal17,1086.0
Vishal17,1155.0
Ayush61,1064.0
Ayush61,1062.0
Ayush61,1066.0
Ayush61,1065.0
Ayush61,1164.0
Ayush61,159.0
Ayush61,560.0
Ayush61,549.0
Ayush61,173.0
Ayush61,1163.0
Ayush61,44.0
Ayush61,151.0
Ayush61,590.0
Ayush61,19.0
Ayush61,1162.0
Ayush61,161.0
Ayush61,1088.0
Ayush61,540.0
Ayush61,150.0
Ayush61,1161.0
Ayush61,52.0
Ayush61,143.0
Ayush61,31.0
Ayush61,1063.0
Ayush61,1160.0
Ayush61,13.0
Ayush61,558.0
Ayush61,415.0
Ayush61,56.0
Ayush61,1159.0
Ayush61,583.0
Ayush61,33.0
Ayush61,551.0
Ayush61,1087.0
Ayush61,1158.0
Ayush61,43.0
Ayush61,1060.0
Ayush61,148.0
Ayush61,979.0
Ayush61,1157.0
Ayush61,629.0
Ayush61,1057.0
Ayush61,1059.0
Ayush61,86.0
Ayush61,1156.0
Ayush61,1055.0
Ayush61,1079.0
Ayush61,154.0
Ayush61,1086.0
Ayush61,1155.0
Sachin32,1064.0
Sachin32,1062.0
Sachin32,1066.0
Sachin32,1065.0
Sachin32,1164.0
Sachin32,159.0
Sachin32,560.0
Sachin32,549.0
Sachin32,173.0
Sachin32,1163.0
Sachin32,44.0
Sachin32,151.0
Sachin32,590.0
Sachin32,19.0
Sachin32,1162.0
Sachin32,161.0
Sachin32,1088.0
Sachin32,540.0
Sachin32,150.0
Sachin32,1161.0
Sachin32,52.0
Sachin32,143.0
Sachin32,31.0
Sachin32,1063.0
Sachin32,1160.0
Sachin32,13.0
Sachin32,558.0
Sachin32,415.0
Sachin32,56.0
Sachin32,1159.0
Sachin32,583.0
Sachin32,33.0
Sachin32,551.0
Sachin32,1087.0
Sachin32,1158.0
Sachin32,43.0
Sachin32,1060.0
Sachin32,148.0
Sachin32,979.0
Sachin32,1157.0
Sachin32,629.0
Sachin32,1057.0
Sachin32,1059.0
Sachin32,86.0
Sachin32,1156.0
Sachin32,1055.0
Sachin32,1079.0
Sachin32,154.0
Sachin32,1086.0
Sachin32,1155.0
Abhishek69,1064.0
Abhishek69,1062.0
Abhishek69,1066.0
Abhishek69,1065.0
Abhishek69,1164.0
Abhishek69,159.0
Abhishek69,560.0
Abhishek69,549.0
Abhishek69,173.0
Abhishek69,1163.0
Abhishek69,44.0
Abhishek69,151.0
Abhishek69,590.0
Abhishek69,19.0
Abhishek69,1162.0
Abhishek69,161.0
Abhishek69,1088.0
Abhishek69,540.0
Abhishek69,150.0
Abhishek69,1161.0
Abhishek69,52.0
Abhishek69,143.0
Abhishek69,31.0
Abhishek69,1063.0
Abhishek69,1160.0
Abhishek69,13.0
Abhishek69,558.0
Abhishek69,415.0
Abhishek69,56.0
Abhishek69,1159.0
Abhishek69,583.0
Abhishek69,33.0
Abhishek69,551.0
Abhishek69,1087.0
Abhishek69,1158.0
Abhishek69,43.0
Abhishek69,1060.0
Abhishek69,148.0
Abhishek69,979.0
Abhishek69,1157.0
Abhishek69,629.0
Abhishek69,1057.0
Abhishek69,1059.0
Abhishek69,86.0
Abhishek69,1156.0
Abhishek69,1055.0
Abhishek69,1079.0
Abhishek69,154.0
Abhishek69,1086.0
Abhishek69,1155.0
Rohan49,1064.0
Rohan49,1062.0
Rohan49,1066.0
Rohan49,1065.0
Rohan49,1164.0
Rohan49,159.0
Rohan49,560.0
Rohan49,549.0
Rohan49,173.0
Rohan49,1163.0
Rohan49,44.0
Rohan49,151.0
Rohan49,590.0
Rohan49,19.0
Rohan49,1162.0
Rohan49,161.0
Rohan49,1088.0
Rohan49,540.0
Rohan49,150.0
Rohan49,1161.0
Rohan49,52.0
Rohan49,143.0
Rohan49,31.0
Rohan49,1063.0
Rohan49,1160.0
Rohan49,13.0
Rohan49,558.0
Rohan49,415.0
Rohan49,56.0
Rohan49,1159.0
Rohan49,583.0
Rohan49,33.0
Rohan49,551.0
Rohan49,1087.0
Rohan49,1158.0
Rohan49,43.0
Rohan49,1060.0
Rohan49,148.0
Rohan49,979.0
Rohan49,1157.0
Rohan49,629.0
Rohan49,1057.0
Rohan49,1059.0
Rohan49,86.0
Rohan49,1156.0
Rohan49,1055.0
Rohan49,1079.0
Rohan49,154.0
Rohan49,1086.0
Rohan49,1155.0
Kunal14,1064.0
Kunal14,1062.0
Kunal14,1066.0
Kunal14,1065.0
Kunal14,1164.0
Kunal14,159.0
Kunal14,560.0
Kunal14,549.0
Kunal14,173.0
Kunal14,1163.0
Kunal14,44.0
Kunal14,151.0
Kunal14,590.0
Kunal14,19.0
Kunal14,1162.0
Kunal14,161.0
Kunal14,1088.0
Kunal14,540.0
Kunal14,150.0
Kunal14,1161.0
Kunal14,52.0
Kunal14,143.0
Kunal14,31.0
Kunal14,1063.0
Kunal14,1160.0
Kunal14,13.0
Kunal14,558.0
Kunal14,415.0
Kunal14,56.0
Kunal14,1159.0
Kunal14,583.0
Kunal14,33.0
Kunal14,551.0
Kunal14,1087.0
Kunal14,1158.0
Kunal14,43.0
Kunal14,1060.0
Kunal14,148.0
Kunal14,979.0
Kunal14,1157.0
Kunal14,629.0
Kunal14,1057.0
Kunal14,1059.0
Kunal14,86.0
Kunal14,1156.0
Kunal14,1055.0
Kunal14,1079.0
Kunal14,154.0
Kunal14,1086.0
Kunal14,1155.0
Sachin93,1064.0
Sachin93,1062.0
Sachin93,1066.0
Sachin93,1065.0
Sachin93,1164.0
Sachin93,159.0
Sachin93,560.0
Sachin93,549.0
Sachin93,173.0
Sachin93,1163.0
Sachin93,44.0
Sachin93,151.0
Sachin93,590.0
Sachin93,19.0
Sachin93,1162.0
Sachin93,161.0
Sachin93,1088.0
Sachin93,540.0
Sachin93,150.0
Sachin93,1161.0
Sachin93,52.0
Sachin93,143.0
Sachin93,31.0
Sachin93,1063.0
Sachin93,1160.0
Sachin93,13.0
Sachin93,558.0
Sachin93,415.0
Sachin93,56.0
Sachin93,1159.0
Sachin93,583.0
Sachin93,33.0
Sachin93,551.0
Sachin93,1087.0
Sachin93,1158.0
Sachin93,43.0
Sachin93,1060.0
Sachin93,148.0
Sachin93,979.0
Sachin93,1157.0
Sachin93,629.0
Sachin93,1057.0
Sachin93,1059.0
Sachin93,86.0
Sachin93,1156.0
Sachin93,1055.0
Sachin93,1079.0
Sachin93,154.0
Sachin93,1086.0
Sachin93,1155.0
Daksh67,1064.0
Daksh67,1062.0
Daksh67,1066.0
Daksh67,1065.0
Daksh67,1164.0
Daksh67,159.0
Daksh67,560.0
Daksh67,549.0
Daksh67,173.0
Daksh67,1163.0
Daksh67,44.0
Daksh67,151.0
Daksh67,590.0
Daksh67,19.0
Daksh67,1162.0
Daksh67,161.0
Daksh67,1088.0
Daksh67,540.0
Daksh67,150.0
Daksh67,1161.0
Daksh67,52.0
Daksh67,143.0
Daksh67,31.0
Daksh67,1063.0
Daksh67,1160.0
Daksh67,13.0
Daksh67,558.0
Daksh67,415.0
Daksh67,56.0
Daksh67,1159.0
Daksh67,583.0
Daksh67,33.0
Daksh67,551.0
Daksh67,1087.0
Daksh67,1158.0
Daksh67,43.0
Daksh67,1060.0
Daksh67,148.0
Daksh67,979.0
Daksh67,1157.0
Daksh67,629.0
Daksh67,1057.0
Daksh67,1059.0
Daksh67,86.0
Daksh67,1156.0
Daksh67,1055.0
Daksh67,1079.0
Daksh67,154.0
Daksh67,1086.0
Daksh67,1155.0
Harsh36,1064.0
Harsh36,1062.0
Harsh36,1066.0
Harsh36,1065.0
Harsh36,1164.0
Harsh36,159.0
Harsh36,560.0
Harsh36,549.0
Harsh36,173.0
Harsh36,1163.0
Harsh36,44.0
Harsh36,151.0
Harsh36,590.0
Harsh36,19.0
Harsh36,1162.0
Harsh36,161.0
Harsh36,1088.0
Harsh36,540.0
Harsh36,150.0
Harsh36,1161.0
Harsh36,52.0
Harsh36,143.0
Harsh36,31.0
Harsh36,1063.0
Harsh36,1160.0
Harsh36,13.0
Harsh36,558.0
Harsh36,415.0
Harsh36,56.0
Harsh36,1159.0
Harsh36,583.0
Harsh36,33.0
Harsh36,551.0
Harsh36,1087.0
Harsh36,1158.0
Harsh36,43.0
Harsh36,1060.0
Harsh36,148.0
Harsh36,979.0
Harsh36,1157.0
Harsh36,629.0
Harsh36,1057.0
Harsh36,1059.0
Harsh36,86.0
Harsh36,1156.0
Harsh36,1055.0
Harsh36,1079.0
Harsh36,154.0
Harsh36,1086.0
Harsh36,1155.0
Kunal76,1064.0
Kunal76,1062.0
Kunal76,1066.0
Kunal76,1065.0
Kunal76,1164.0
Kunal76,159.0
Kunal76,560.0
Kunal76,549.0
Kunal76,173.0
Kunal76,1163.0
Kunal76,44.0
Kunal76,151.0
Kunal76,590.0
Kunal76,19.0
Kunal76,1162.0
Kunal76,161.0
Kunal76,1088.0
Kunal76,540.0
Kunal76,150.0
Kunal76,1161.0
Kunal76,52.0
Kunal76,143.0
Kunal76,31.0
Kunal76,1063.0
Kunal76,1160.0
Kunal76,13.0
Kunal76,558.0
Kunal76,415.0
Kunal76,56.0
Kunal76,1159.0
Kunal76,583.0
Kunal76,33.0
Kunal76,551.0
Kunal76,1087.0
Kunal76,1158.0
Kunal76,43.0
Kunal76,1060.0
Kunal76,148.0
Kunal76,979.0
Kunal76,1157.0
Kunal76,629.0
Kunal76,1057.0
Kunal76,1059.0
Kunal76,86.0
Kunal76,1156.0
Kunal76,1055.0
Kunal76,1079.0
Kunal76,154.0
Kunal76,1086.0
Kunal76,1155.0
hardik,1064.0
hardik,1062.0
hardik,1066.0
hardik,1065.0
hardik,1164.0
hardik,159.0
hardik,560.0
hardik,549.0
hardik,173.0
hardik,1163.0
hardik,44.0
hardik,151.0
hardik,590.0
hardik,19.0
hardik,1162.0
hardik,161.0
hardik,1088.0
hardik,540.0
hardik,150.0
hardik,1161.0
hardik,52.0
hardik,143.0
hardik,31.0
hardik,1063.0
hardik,1160.0
hardik,13.0
hardik,558.0
hardik,415.0
hardik,56.0
hardik,1159.0
hardik,583.0
hardik,33.0
hardik,551.0
hardik,1087.0
hardik,1158.0
hardik,43.0
hardik,1060.0
hardik,148.0
hardik,979.0
hardik,1157.0
hardik,629.0
hardik,1057.0
hardik,1059.0
hardik,86.0
hardik,1156.0
hardik,1055.0
hardik,1079.0
hardik,154.0
hardik,1086.0
hardik,1155.0
ansh,1064.0
ansh,1062.0
ansh,1066.0
ansh,1065.0
ansh,1164.0
ansh,159.0
ansh,560.0
ansh,549.0
ansh,173.0
ansh,1163.0
ansh,44.0
ansh,151.0
ansh,590.0
ansh,19.0
ansh,1162.0
ansh,161.0
ansh,1088.0
ansh,540.0
ansh,150.0
ansh,1161.0
ansh,52.0
ansh,143.0
ansh,31.0
ansh,1063.0
ansh,1160.0
ansh,13.0
ansh,558.0
ansh,415.0
ansh,56.0
ansh,1159.0
ansh,583.0
ansh,33.0
ansh,551.0
ansh,1087.0
ansh,1158.0
ansh,43.0
ansh,1060.0
ansh,148.0
ansh,979.0
ansh,1157.0
ansh,629.0
ansh,1057.0
ansh,1059.0
ansh,86.0
ansh,1156.0
ansh,1055.0
ansh,1079.0
ansh,154.0
ansh,1086.0
ansh,1155.0
mayrah05,1064.0
mayrah05,1062.0
mayrah05,1066.0
mayrah05,1065.0
mayrah05,1164.0
mayrah05,159.0
mayrah05,560.0
mayrah05,549.0
mayrah05,173.0
mayrah05,1163.0
mayrah05,44.0
mayrah05,151.0
mayrah05,590.0
mayrah05,19.0
mayrah05,1162.0
mayrah05,161.0
mayrah05,1088.0
mayrah05,540.0
mayrah05,150.0
mayrah05,1161.0
mayrah05,52.0
mayrah05,143.0
mayrah05,31.0
mayrah05,1063.0
mayrah05,1160.0
mayrah05,13.0
mayrah05,558.0
mayrah05,415.0
mayrah05,56.0
mayrah05,1159.0
mayrah05,583.0
mayrah05,33.0
mayrah05,551.0
mayrah05,1087.0
mayrah05,1158.0
mayrah05,43.0
mayrah05,1060.0
mayrah05,148.0
mayrah05,979.0
mayrah05,1157.0
mayrah05,629.0
mayrah05,1057.0
mayrah05,1059.0
mayrah05,86.0
mayrah05,1156.0
mayrah05,1055.0
mayrah05,1079.0
mayrah05,154.0
mayrah05,1086.0
mayrah05,1155.0
aksh23,1064.0
aksh23,1062.0
aksh23,1066.0
aksh23,1065.0
aksh23,1164.0
aksh23,159.0
aksh23,560.0
aksh23,549.0
aksh23,173.0
aksh23,1163.0
aksh23,44.0
aksh23,151.0
aksh23,590.0
aksh23,19.0
aksh23,1162.0
aksh23,161.0
aksh23,1088.0
aksh23,540.0
aksh23,150.0
aksh23,1161.0
aksh23,52.0
aksh23,143.0
aksh23,31.0
aksh23,1063.0
aksh23,1160.0
aksh23,13.0
aksh23,558.0
aksh23,415.0
aksh23,56.0
aksh23,1159.0
aksh23,583.0
aksh23,33.0
aksh23,551.0
aksh23,1087.0
aksh23,1158.0
aksh23,43.0
aksh23,1060.0
aksh23,148.0
aksh23,979.0
aksh23,1157.0
aksh23,629.0
aksh23,1057.0
aksh23,1059.0
aksh23,86.0
aksh23,1156.0
aksh23,1055.0
aksh23,1079.0
aksh23,154.0
aksh23,1086.0
aksh23,1155.0
satish,1064.0
satish,1062.0
satish,1066.0
satish,1065.0
satish,1164.0
satish,159.0
satish,560.0
satish,549.0
satish,173.0
satish,1163.0
satish,44.0
satish,151.0
satish,590.0
satish,19.0
satish,1162.0
satish,161.0
satish,1088.0
satish,540.0
satish,150.0
satish,1161.0
satish,52.0
satish,143.0
satish,31.0
satish,1063.0
satish,1160.0
satish,13.0
satish,558.0
satish,415.0
satish,56.0
satish,1159.0
satish,583.0
satish,33.0
satish,551.0
satish,1087.0
satish,1158.0
satish,43.0
satish,1060.0
satish,148.0
satish,979.0
satish,1157.0
satish,629.0
satish,1057.0
satish,1059.0
satish,86.0
satish,1156.0
satish,1055.0
satish,1079.0
satish,154.0
satish,1086.0
satish,1155.0
sahil,1064.0
sahil,1062.0
sahil,1066.0
sahil,1065.0
sahil,1164.0
sahil,159.0
sahil,560.0
sahil,549.0
sahil,173.0
sahil,1163.0
sahil,44.0
sahil,151.0
sahil,590.0
sahil,19.0
sahil,1162.0
sahil,161.0
sahil,1088.0
sahil,540.0
sahil,150.0
sahil,1161.0
sahil,52.0
sahil,143.0
sahil,31.0
sahil,1063.0
sahil,1160.0
sahil,13.0
sahil,558.0
sahil,415.0
sahil,56.0
sahil,1159.0
sahil,583.0
sahil,33.0
sahil,551.0
sahil,1087.0
sahil,1158.0
sahil,43.0
sahil,1060.0
sahil,148.0
sahil,979.0
sahil,1157.0
sahil,629.0
sahil,1057.0
sahil,1059.0
sahil,86.0
sahil,1156.0
sahil,1055.0
sahil,1079.0
sahil,154.0
sahil,1086.0
sahil,1155.0
akhil,1064.0
akhil,1062.0
akhil,1066.0
akhil,1065.0
akhil,1164.0
akhil,159.0
akhil,560.0
akhil,549.0
akhil,173.0
akhil,1163.0
akhil,44.0
akhil,151.0
akhil,590.0
akhil,19.0
akhil,1162.0
akhil,161.0
akhil,1088.0
akhil,540.0
akhil,150.0
akhil,1161.0
akhil,52.0
akhil,143.0
akhil,31.0
akhil,1063.0
akhil,1160.0
akhil,13.0
akhil,558.0
akhil,415.0
akhil,56.0
akhil,1159.0
akhil,583.0
akhil,33.0
akhil,551.0
akhil,1087.0
akhil,1158.0
akhil,43.0
akhil,1060.0
akhil,148.0
akhil,979.0
akhil,1157.0
akhil,629.0
akhil,1057.0
akhil,1059.0
akhil,86.0
akhil,1156.0
akhil,1055.0
akhil,1079.0
akhil,154.0
akhil,1086.0
akhil,1155.0
chavi,1064.0
chavi,1062.0
chavi,1066.0
chavi,1065.0
chavi,1164.0
chavi,159.0
chavi,560.0
chavi,549.0
chavi,173.0
chavi,1163.0
chavi,44.0
chavi,151.0
chavi,590.0
chavi,19.0
chavi,1162.0
chavi,161.0
chavi,1088.0
chavi,540.0
chavi,150.0
chavi,1161.0
chavi,52.0
chavi,143.0
chavi,31.0
chavi,1063.0
chavi,1160.0
chavi,13.0
chavi,558.0
chavi,415.0
chavi,56.0
chavi,1159.0
chavi,583.0
chavi,33.0
chavi,551.0
chavi,1087.0
chavi,1158.0
chavi,43.0
chavi,1060.0
chavi,148.0
chavi,979.0
chavi,1157.0
chavi,629.0
chavi,1057.0
chavi,1059.0
chavi,86.0
chavi,1156.0
chavi,1055.0
chavi,1079.0
chavi,154.0
chavi,1086.0
chavi,1155.0
hans,1064.0
hans,1062.0
hans,1066.0
hans,1065.0
hans,1164.0
hans,159.0
hans,560.0
hans,549.0
hans,173.0
hans,1163.0
hans,44.0
hans,151.0
hans,590.0
hans,19.0
hans,1162.0
hans,161.0
hans,1088.0
hans,540.0
hans,150.0
hans,1161.0
hans,52.0
hans,143.0
hans,31.0
hans,1063.0
hans,1160.0
hans,13.0
hans,558.0
hans,415.0
hans,56.0
hans,1159.0
hans,583.0
hans,33.0
hans,551.0
hans,1087.0
hans,1158.0
hans,43.0
hans,1060.0
hans,148.0
hans,979.0
hans,1157.0
hans,629.0
hans,1057.0
hans,1059.0
hans,86.0
hans,1156.0
hans,1055.0
hans,1079.0
hans,154.0
hans,1086.0
hans,1155.0
