username,id,title,description
afrobeezy,11,Recipe for a flow state,All the best vibes!
afrobeezy,12,Why fit in..?,All the best vibes!
afrobeezy,13,Transcending Singularity,All the best vibes!
afrobeezy,14,Peak Performance?,All the best vibes!
afrobeezy,15,Our Existential Situation,All the best vibes!
afrobeezy,16,act now!,All the best vibes!
afrobeezy,17,Jump. Just Jump!,All the best vibes!
afrobeezy,19,WE ARE MADE OF STARS,All the best vibes!
afrobeezy,23,Direct your energy on the right things,All the best vibes!
afrobeezy,26,Be Brave. Be Different,All the best vibes!
afrobeezy,27,Consistency,All the best vibes!
afrobeezy,28,Reprogram your subconscious mind,All the best vibes!
afrobeezy,29,How to be disciplined,All the best vibes!
afrobeezy,30,Ask yourself,All the best vibes!
afrobeezy,31,Don't laugh,All the best vibes!
afrobeezy,32,always choose peace over drama,All the best vibes!
afrobeezy,33,Enough is enough,All the best vibes!
afrobeezy,34,Learn to think,All the best vibes!
afrobeezy,35,Life is shorter than you think,All the best vibes!
afrobeezy,36,Knowledge will liberate you,All the best vibes!
afrobeezy,58,act now!,All the best vibes!
afrobeezy,59,push through the pain ü´°,All the best vibes!
afrobeezy,60,flip the switch,All the best vibes!
afrobeezy,61,Beff Jezos - More energy is Good e/acc,Accelerate human abundance
afrobeezy,62,what is e/acc,Accelerate human abundance
afrobeezy,68,DYSON SPHERE,Accelerate human abundance
afrobeezy,69,new culture e/acc,Accelerate human abundance
afrobeezy,70,is e/acc religion?,Accelerate human abundance
afrobeezy,71,choose‚Ä¶,Accelerate human abundance
afrobeezy,72,how would you?,Accelerate human abundance
afrobeezy,73,elevate,Accelerate human abundance
afrobeezy,74,war of images,Accelerate human abundance
afrobeezy,75,what is reality?,Accelerate human abundance
afrobeezy,77,escape the matrix,Accelerate human abundance
afrobeezy,78,choose your path,Accelerate human abundance
afrobeezy,79,psywar,Accelerate human abundance
afrobeezy,80,don‚Äôt get distracted,Accelerate human abundance
afrobeezy,88,are you going to make it?,Accelerate human abundance
afrobeezy,89,"it all begins in your mind, never give up!",Accelerate human abundance
afrobeezy,90,you‚Äôre in a danger of living life so comfortable,Accelerate human abundance
afrobeezy,91,you‚Äôre your greatest ally,Accelerate human abundance
afrobeezy,93,do not conform to a dying society,Accelerate human abundance
afrobeezy,94,the historical man,Accelerate human abundance
afrobeezy,95,modern life is set up to distract you,Accelerate human abundance
afrobeezy,97,awakening,Accelerate human abundance
afrobeezy,620,,Accelerate human abundance
afrobeezy,621,,Accelerate human abundance
afrobeezy,622,,Accelerate human abundance
afrobeezy,623,,Accelerate human abundance
afrobeezy,624,,Accelerate human abundance
afrobeezy,625,,Accelerate human abundance
afrobeezy,626,,Accelerate human abundance
afrobeezy,627,,All the best vibes!
afrobeezy,629,,All the best vibes!
afrobeezy,631,,All the best vibes!
afrobeezy,635,The Story Of Partnering With Pillai College To Advance The Startup Ecosystem,Unlocking the highest path
jack,63,This app is literally steroids for your brain,Accelerate human abundance
jack,64,Gratitude/Acc üññü´°,Accelerate human abundance
jack,65,"tiktok steals your dreams, we help you attain them",Accelerate human abundance
jack,66,A new dawn of personalized computing is is front of you rn,Accelerate human abundance
jack,67,BLOOMSDAY IS COMING ü•∞,Accelerate human abundance
kinha,81,how are the 2023 fitness goals going?,"A web3-born brand that fosters creativity, freedom, and community"
kinha,82,Decide to be extraodinary and do,All the best vibes!
kinha,83,Clarity brings power.,All the best vibes!
kinha,84,Just focus on today.,All the best vibes!
kinha,85,Fun fact: Oscar Wilde was a homosexual. I think that sort of adds another layer of perspective to this quote. Almost as if he was viewing the relationships between men and women from an outside point of view.,All the best vibes!
kinha,86,Revolutionizing Men's Mental Health: Your $0.99 Matters,All the best vibes!
kinha,100,,All the best vibes!
kinha,129,,All the best vibes!
kinha,130,,All the best vibes!
kinha,131,,All the best vibes!
kinha,132,,All the best vibes!
kinha,133,,All the best vibes!
kinha,135,,All the best vibes!
kinha,137,,All the best vibes!
kinha,138,,All the best vibes!
kinha,142,,All the best vibes!
kinha,143,,All the best vibes!
kinha,147,,All the best vibes!
kinha,148,,All the best vibes!
kinha,150,,All the best vibes!
kinha,151,,All the best vibes!
kinha,152,,All the best vibes!
kinha,153,,All the best vibes!
kinha,154,,All the best vibes!
kinha,155,,All the best vibes!
kinha,156,,All the best vibes!
kinha,158,,All the best vibes!
kinha,159,,All the best vibes!
kinha,160,,All the best vibes!
kinha,161,,All the best vibes!
kinha,163,,All the best vibes!
kinha,164,,All the best vibes!
kinha,165,,All the best vibes!
kinha,166,,All the best vibes!
kinha,167,,All the best vibes!
kinha,168,,All the best vibes!
kinha,169,,All the best vibes!
kinha,171,,All the best vibes!
kinha,173,,All the best vibes!
kinha,175,,All the best vibes!
kinha,176,AI Voice Edits take over Social Media,All the best vibes!
kinha,177,New alarm clock,All the best vibes!
kinha,186,,Accelerate human abundance
kinha,189,,Accelerate human abundance
kinha,190,,Accelerate human abundance
kinha,191,,Accelerate human abundance
kinha,193,,Accelerate human abundance
kinha,195,,Accelerate human abundance
kinha,196,,Accelerate human abundance
kinha,198,,Accelerate human abundance
kinha,200,,Accelerate human abundance
kinha,201,,Accelerate human abundance
kinha,202,,Accelerate human abundance
kinha,203,,Accelerate human abundance
kinha,205,,Accelerate human abundance
kinha,207,,Accelerate human abundance
kinha,209,,All the best vibes!
kinha,211,,All the best vibes!
kinha,212,,All the best vibes!
kinha,213,,All the best vibes!
kinha,216,,All the best vibes!
kinha,219,,Accelerate human abundance
kinha,220,,Accelerate human abundance
kinha,221,,Accelerate human abundance
kinha,222,,Accelerate human abundance
kinha,223,,Accelerate human abundance
kinha,224,,Accelerate human abundance
kinha,225,,Accelerate human abundance
kinha,226,,Accelerate human abundance
kinha,227,,Accelerate human abundance
kinha,228,,Accelerate human abundance
kinha,229,,Accelerate human abundance
kinha,230,,Accelerate human abundance
kinha,231,,Accelerate human abundance
kinha,234,,Accelerate human abundance
kinha,235,,Accelerate human abundance
kinha,237,,Accelerate human abundance
kinha,238,,Accelerate human abundance
kinha,241,,Accelerate human abundance
kinha,242,,Accelerate human abundance
kinha,247,,All the best vibes!
kinha,252,,All the best vibes!
kinha,257,,Accelerate human abundance
kinha,258,,Accelerate human abundance
kinha,259,,Accelerate human abundance
kinha,260,,Accelerate human abundance
kinha,261,,Accelerate human abundance
kinha,263,,Accelerate human abundance
kinha,264,,Accelerate human abundance
kinha,266,,Accelerate human abundance
kinha,267,,Accelerate human abundance
kinha,269,,Accelerate human abundance
kinha,295,,Accelerate human abundance
kinha,296,,Accelerate human abundance
kinha,297,,Accelerate human abundance
kinha,298,,Accelerate human abundance
kinha,299,,Accelerate human abundance
kinha,301,,Accelerate human abundance
kinha,302,,Accelerate human abundance
kinha,303,,Accelerate human abundance
kinha,319,,Accelerate human abundance
kinha,320,,Accelerate human abundance
kinha,321,,Accelerate human abundance
kinha,323,,Accelerate human abundance
kinha,324,,Accelerate human abundance
kinha,325,,Accelerate human abundance
kinha,326,,Accelerate human abundance
kinha,327,,Accelerate human abundance
kinha,328,,Accelerate human abundance
kinha,335,,Accelerate human abundance
kinha,336,,Accelerate human abundance
kinha,337,,Accelerate human abundance
kinha,338,,Accelerate human abundance
kinha,339,,Accelerate human abundance
kinha,341,,Accelerate human abundance
kinha,358,,All the best vibes!
kinha,359,,All the best vibes!
kinha,361,,All the best vibes!
kinha,362,,All the best vibes!
kinha,363,,All the best vibes!
kinha,364,,All the best vibes!
kinha,365,,All the best vibes!
kinha,366,,All the best vibes!
kinha,367,,All the best vibes!
kinha,368,,Accelerate human abundance
kinha,370,,Accelerate human abundance
kinha,371,,Accelerate human abundance
kinha,372,,Accelerate human abundance
kinha,373,,Accelerate human abundance
kinha,374,,Accelerate human abundance
kinha,375,,All the best vibes!
kinha,376,,All the best vibes!
kinha,377,,All the best vibes!
kinha,378,,All the best vibes!
kinha,379,,All the best vibes!
kinha,380,,All the best vibes!
kinha,381,,All the best vibes!
kinha,383,,All the best vibes!
kinha,384,,All the best vibes!
kinha,385,,All the best vibes!
kinha,386,,All the best vibes!
kinha,387,,All the best vibes!
kinha,388,,All the best vibes!
kinha,389,,All the best vibes!
kinha,390,,All the best vibes!
kinha,391,,Accelerate human abundance
kinha,392,,Accelerate human abundance
kinha,393,,Accelerate human abundance
kinha,394,,Accelerate human abundance
kinha,395,,Accelerate human abundance
kinha,396,,Accelerate human abundance
kinha,397,,Accelerate human abundance
kinha,398,,Accelerate human abundance
kinha,399,,Accelerate human abundance
kinha,401,,Accelerate human abundance
kinha,403,,Accelerate human abundance
kinha,404,,Accelerate human abundance
kinha,405,,Accelerate human abundance
kinha,406,,Accelerate human abundance
kinha,407,,Accelerate human abundance
kinha,408,,Accelerate human abundance
kinha,409,,Accelerate human abundance
kinha,410,,Accelerate human abundance
kinha,411,,Accelerate human abundance
kinha,412,,All the best vibes!
kinha,413,,All the best vibes!
kinha,414,,All the best vibes!
kinha,415,,All the best vibes!
kinha,416,,All the best vibes!
kinha,417,,All the best vibes!
kinha,418,,All the best vibes!
kinha,419,,All the best vibes!
kinha,421,,All the best vibes!
kinha,422,,All the best vibes!
kinha,423,,All the best vibes!
kinha,424,,All the best vibes!
kinha,425,,All the best vibes!
kinha,426,,All the best vibes!
kinha,427,,All the best vibes!
kinha,428,,All the best vibes!
kinha,430,,All the best vibes!
kinha,432,,All the best vibes!
kinha,433,,All the best vibes!
kinha,434,,All the best vibes!
kinha,436,,All the best vibes!
kinha,437,,All the best vibes!
kinha,438,,All the best vibes!
kinha,439,,Accelerate human abundance
kinha,440,,Accelerate human abundance
kinha,441,,Accelerate human abundance
kinha,442,,Accelerate human abundance
kinha,443,,Accelerate human abundance
kinha,444,,Accelerate human abundance
kinha,445,,Accelerate human abundance
kinha,446,,Accelerate human abundance
kinha,447,,Accelerate human abundance
kinha,448,,Accelerate human abundance
kinha,449,,Accelerate human abundance
kinha,451,,All the best vibes!
kinha,452,,All the best vibes!
kinha,453,,All the best vibes!
kinha,454,,All the best vibes!
kinha,455,,All the best vibes!
kinha,456,,All the best vibes!
kinha,457,,All the best vibes!
kinha,458,,All the best vibes!
kinha,460,,All the best vibes!
kinha,461,,All the best vibes!
kinha,462,,All the best vibes!
kinha,463,,All the best vibes!
kinha,464,,All the best vibes!
kinha,466,,All the best vibes!
kinha,467,,All the best vibes!
kinha,468,,All the best vibes!
kinha,469,,All the best vibes!
kinha,470,,Accelerate human abundance
kinha,471,,Accelerate human abundance
kinha,472,,Accelerate human abundance
kinha,473,,Accelerate human abundance
kinha,474,,Accelerate human abundance
kinha,475,,Accelerate human abundance
kinha,476,,Accelerate human abundance
kinha,477,,Accelerate human abundance
kinha,478,,Accelerate human abundance
kinha,479,,Accelerate human abundance
kinha,480,,Accelerate human abundance
kinha,487,,All the best vibes!
kinha,488,,All the best vibes!
kinha,489,,All the best vibes!
kinha,490,,All the best vibes!
kinha,491,,All the best vibes!
kinha,492,,All the best vibes!
kinha,494,,All the best vibes!
kinha,496,,All the best vibes!
kinha,497,,All the best vibes!
kinha,498,,All the best vibes!
kinha,499,,All the best vibes!
kinha,500,,Accelerate human abundance
kinha,501,,Accelerate human abundance
kinha,502,,Accelerate human abundance
kinha,503,,Accelerate human abundance
kinha,504,,Accelerate human abundance
kinha,505,,Accelerate human abundance
kinha,506,,Accelerate human abundance
kinha,507,,Accelerate human abundance
kinha,508,,Accelerate human abundance
kinha,509,,Accelerate human abundance
kinha,510,,All the best vibes!
kinha,511,,All the best vibes!
kinha,512,,All the best vibes!
kinha,513,,All the best vibes!
kinha,514,,All the best vibes!
kinha,515,,All the best vibes!
kinha,516,,All the best vibes!
kinha,517,,All the best vibes!
kinha,518,,All the best vibes!
kinha,519,,Accelerate human abundance
kinha,520,,Accelerate human abundance
kinha,521,,Accelerate human abundance
kinha,522,,Accelerate human abundance
kinha,523,,Accelerate human abundance
kinha,524,,Accelerate human abundance
kinha,525,,Accelerate human abundance
kinha,526,,Accelerate human abundance
kinha,527,,Accelerate human abundance
kinha,528,,Accelerate human abundance
kinha,530,,Accelerate human abundance
kinha,531,,Accelerate human abundance
kinha,532,,Accelerate human abundance
kinha,533,,Accelerate human abundance
kinha,534,,Accelerate human abundance
kinha,535,,Accelerate human abundance
kinha,536,,Accelerate human abundance
kinha,537,,Accelerate human abundance
kinha,538,,Accelerate human abundance
kinha,540,,All the best vibes!
kinha,546,,All the best vibes!
kinha,547,,All the best vibes!
kinha,548,,All the best vibes!
kinha,549,,All the best vibes!
kinha,551,,All the best vibes!
kinha,556,,All the best vibes!
kinha,558,,All the best vibes!
kinha,560,,All the best vibes!
kinha,563,,All the best vibes!
kinha,569,,Accelerate human abundance
kinha,570,,Accelerate human abundance
kinha,571,,Accelerate human abundance
kinha,572,,Accelerate human abundance
kinha,573,,Accelerate human abundance
kinha,574,,Accelerate human abundance
kinha,575,,Accelerate human abundance
kinha,576,,Accelerate human abundance
kinha,577,,Accelerate human abundance
kinha,578,,Accelerate human abundance
kinha,579,,Accelerate human abundance
kinha,580,,Accelerate human abundance
kinha,583,,All the best vibes!
kinha,586,,All the best vibes!
kinha,588,,All the best vibes!
kinha,590,,All the best vibes!
kinha,595,,Accelerate human abundance
kinha,601,,Accelerate human abundance
kinha,602,,Accelerate human abundance
kinha,603,,Accelerate human abundance
kinha,604,,Accelerate human abundance
kinha,605,,Accelerate human abundance
kinha,606,,Accelerate human abundance
kinha,607,,Accelerate human abundance
kinha,608,,Accelerate human abundance
kinha,609,,Accelerate human abundance
kinha,610,,Accelerate human abundance
kinha,611,,Accelerate human abundance
kinha,612,,Accelerate human abundance
kinha,613,,Accelerate human abundance
kinha,614,,Accelerate human abundance
kinha,616,,Accelerate human abundance
kinha,617,,Accelerate human abundance
kinha,618,,Accelerate human abundance
kinha,619,,Accelerate human abundance
kinha,636,Joker got something to say.  Join the  Movement to inspire and better people's lives.,All the best vibes!
kinha,637,Ask god and he will answer you.,All the best vibes!
kinha,638,"If Liam Neeson was in motivation, this is what he would say.",All the best vibes!
kinha,639,Did you know that Tony Stark said this Find your purpose.  Follow to improve yourself everyday.,All the best vibes!
kinha,640,"If Bane was in motivation, this is what he would say.",All the best vibes!
kinha,641,3 types of people you will encounter in life.,All the best vibes!
kinha,642,Make better choices in life.,All the best vibes!
kinha,643,"By the age of 30, you must come to understand these 4 realities...",All the best vibes!
kinha,644,Be the lion in your own journey.,All the best vibes!
kinha,645,"If you lack discipline, listen to this.",All the best vibes!
kinha,646,This is a tribute to Chester Bennington,All the best vibes!
kinha,647,Show some appreciation to yourself.,All the best vibes!
kinha,648,Don‚Äôt feel nothing for these people. Follow for daily motivational content.,All the best vibes!
kinha,650,NEVER.,All the best vibes!
kinha,651,Speak like an ALPHA.,All the best vibes!
kinha,652,Understand one thing about these people.,All the best vibes!
kinha,654,"Remeber, You have to take risks.",All the best vibes!
kinha,655,Never forget these people,All the best vibes!
kinha,656,If you‚Äôre going through something uncomfortable‚Ä¶remember this,All the best vibes!
kinha,657,DON‚ÄôT DOUBT ME.,All the best vibes!
kinha,658,Rule No. 3. Gratitude.  Follow for more.,All the best vibes!
kinha,659,Give me more of EVERYTHING,All the best vibes!
kinha,660,People you should stay away from,All the best vibes!
kinha,662,Jai Shree Ram,Embrace your journey towards growth & self-discovery
kinha,663,Jai Shri Ram   Raghunandana from HanuMan 2024 movie Credits to Artists for the Artworks (Source- Pintrest),Embrace your journey towards growth & self-discovery
kinha,664,flarefyfacts - 7327961407444552965,Embrace your journey towards growth & self-discovery
kinha,665,Jai Shree Raam,Embrace your journey towards growth & self-discovery
kinha,666,Ram Siya Ram Siya Ram Jai Jai Ram,Embrace your journey towards growth & self-discovery
kinha,667,Hanuman Chalisa from HanuMan 2024,Embrace your journey towards growth & self-discovery
kinha,668,Glory to Sita and Rama.,Embrace your journey towards growth & self-discovery
kinha,669,Jai Shri Ram  Hanuman 2024,Embrace your journey towards growth & self-discovery
kinha,670,JAI SHREE RAM,Embrace your journey towards growth & self-discovery
kinha,671,I am the way,All the best vibes!
kinha,672,The lord is my light,All the best vibes!
kinha,673,i love this song  -,All the best vibes!
kinha,674,He can fix -   -,All the best vibes!
kinha,675,Come to me,All the best vibes!
kinha,676,YOU‚ÄôRE SO RIGHT -,All the best vibes!
kinha,677,me playing fortnite  - ib-  -,All the best vibes!
kinha,678,back 2 og edits -,All the best vibes!
kinha,679,A man familiar with pain,All the best vibes!
kinha,680,i‚Äôm christian  -,All the best vibes!
kinha,681,Remember the former things,All the best vibes!
kinha,682,SILENCE -,All the best vibes!
kinha,683,i‚Äôm literally him - ib-  -,All the best vibes!
kinha,684,You will never enter the kingdom untill,All the best vibes!
kinha,685,Why Lust is a Sin,All the best vibes!
kinha,686,What will you do in the end,All the best vibes!
kinha,687,Do not fear I am with you,All the best vibes!
kinha,689,elden ring reference -,All the best vibes!
kinha,690,Eyes of the loard,All the best vibes!
kinha,691,SKY -,All the best vibes!
kinha,692,Lord is near to the broken heart,All the best vibes!
kinha,693,reject paganism -,All the best vibes!
kinha,694,Teacher the greatest commendent to the loard,All the best vibes!
kinha,695,repost of the collab with better quality and some improvements - ib-,All the best vibes!
kinha,696,I am with you,All the best vibes!
kinha,697,I am strong enough to save you,All the best vibes!
kinha,698,Gain the whole world,All the best vibes!
kinha,699,Jai Shree Ram,Embrace your journey towards growth & self-discovery
kinha,700,"Sri Ramdootha Stotram Jai Shri Ram All credits to the artists for their artworks. Source- ArtStation, Twitter and Pintrest.   Sri Ramdootha Stotram OST from HanuMaan",Embrace your journey towards growth & self-discovery
kinha,701,Rama and sita,Embrace your journey towards growth & self-discovery
kinha,702,Jai Shri Ram   Manojavam Marutatulya,Embrace your journey towards growth & self-discovery
kinha,703,Jai Shri Ram Jai Hanuman,Embrace your journey towards growth & self-discovery
kinha,704,Jai Shri Ram   Raghunandana from HanuMan 2024,Embrace your journey towards growth & self-discovery
kinha,705,hey mahveer karo kalayan  Jai Shree Ram,Embrace your journey towards growth & self-discovery
kinha,706,Jai Shri Ram Jai Hanuman  Anjanadri Theme from HanuMan 2024 movie Credits to Artists for the Artworks,Embrace your journey towards growth & self-discovery
kinha,707,Jai Shri Ram Jai Hanuman  Anjanadri Theme from HanuMan 2024 movie,Embrace your journey towards growth & self-discovery
kinha,708,ùó†ùóÆùóªùòÅùóøùóºùóª ùó¶ùó≤ ùóïùóÆùó±ùóµùó∏ùó≤ ùóßùó≤ùóøùóÆ ùó°ùóÆùóÆùó∫ ùóú ùóùùóÆùó∂ ùó¶ùóµùóøùó≤ùó≤ ùó•ùóÆùó∫ ùóú,Embrace your journey towards growth & self-discovery
kinha,709,Jai Shree Ram   O M,Embrace your journey towards growth & self-discovery
kinha,711,Om Parashuhastaya Namah,Embrace your journey towards growth & self-discovery
kinha,712,Raam Raam,Embrace your journey towards growth & self-discovery
kinha,713,Jai Shree Raam,Embrace your journey towards growth & self-discovery
kinha,714,Raam Raam,Embrace your journey towards growth & self-discovery
kinha,715,‡§ú‡§Ø ‡§∂‡•ç‡§∞‡•Ä‡§∞‡§æ‡§Æ  ‡§ú‡§Ø ‡§¨‡§ú‡§∞‡§Ç‡§ó‡§¨‡§≤‡•Ä,Embrace your journey towards growth & self-discovery
kinha,716,Ram... ram mantera ucharan,Embrace your journey towards growth & self-discovery
kinha,717,Raghu pati raghav raja ram patit pawan sita ram songJai Shree Raam,Embrace your journey towards growth & self-discovery
kinha,718,mahakalnamahshivay,Embrace your journey towards growth & self-discovery
kinha,719,Jai Shree Ram baghat hanuman,Embrace your journey towards growth & self-discovery
kinha,720,"Visual of ram inside hanum,an",Embrace your journey towards growth & self-discovery
kinha,721,reject the world. -,All the best vibes!
kinha,722,He saved us -,All the best vibes!
kinha,723,"SAVE FROM MYSEEELF, thanks for 200k guys, and thanks God! -",All the best vibes!
kinha,724,follow my insta- tiktoknaohk -,All the best vibes!
kinha,725,defend the cross -,All the best vibes!
kinha,726,"idk but this is so hard  (yes, its simple but i love it) -  is Lord  -",All the best vibes!
kinha,727,"there is no other God, but Jesus Christ -",All the best vibes!
kinha,742,Ram bhagat hanuman arati,Embrace your journey towards growth & self-discovery
kinha,743,Ram inside hanuman,Embrace your journey towards growth & self-discovery
kinha,744,I close my eyes and found god on my back,Embrace your journey towards growth & self-discovery
kinha,745,mere tan man dhadakan me ‡§ú‡§Ø ‡§∂‡•ç‡§∞‡•Ä‡§∞‡§æ‡§Æ  ‡§ú‡§Ø ‡§¨‡§ú‡§∞‡§Ç‡§ó‡§¨‡§≤‡•Ä,Embrace your journey towards growth & self-discovery
kinha,746,Raghu pati raghav raja ram,Embrace your journey towards growth & self-discovery
kinha,748,Ram naam ucharam,Embrace your journey towards growth & self-discovery
kinha,750,‡§∂‡•ç‡§∞‡•Ä ‡§∞‡§æ‡§Æ ‡§ú‡§Ø ‡§∞‡§æ‡§Æ ‡§ú‡§Ø ‡§ú‡§Ø ‡§∞‡§æ‡§Æ!,Embrace your journey towards growth & self-discovery
kinha,751,‡§ú‡§Ø ‡§π‡§®‡•Å‡§Æ‡§æ‡§® ‡§ú‡•ç‡§û‡§æ‡§® ‡§ó‡•Å‡§£ ‡§∏‡§æ‡§ó‡§∞  Let the triumphant chant of Jai Hanuman Gyan Gun Sagar,Embrace your journey towards growth & self-discovery
kinha,752,Happy ram navami,Embrace your journey towards growth & self-discovery
kinha,753,"Today marks a momentous day as we celebrate the inauguration of the grand Ram Temple, a symbol of our eternal faith and devotion",Embrace your journey towards growth & self-discovery
kinha,754,Jay shree Ram . Rama Trance,Embrace your journey towards growth & self-discovery
kinha,755,‡§ú‡§Ø ‡§∂‡•ç‡§∞‡•Ä ‡§∞‡§æ‡§Æ! ‡§ú‡§Ø ‡§¨‡§ú‡§∞‡§Ç‡§ó‡§¨‡§≤‡•Ä!,Embrace your journey towards growth & self-discovery
kinha,756,"Lord Rama, a central figure in Hinduism , is revered as the seventh avatar of the god Vishnu",Embrace your journey towards growth & self-discovery
kinha,757,"Mere Ghar Ram says hai, He is the protagonist of the ancient Indian epic, the Ramayana",Embrace your journey towards growth & self-discovery
kinha,758,"Lord Rama, the epitome of righteousness, virtue, and unwavering devotion",Embrace your journey towards growth & self-discovery
kinha,759,"Embrace the might and spirituality of Lord Hanuman, a beacon of strength and loyalty",Embrace your journey towards growth & self-discovery
kinha,760,This sacred sanctuary is not just a monument but a testament to the virtues of Lord Rama ‚Äì truth,Embrace your journey towards growth & self-discovery
kinha,761,tiktok removed my last vid  -,All the best vibes!
kinha,762,part 2 -,All the best vibes!
kinha,764,israel,All the best vibes!
kinha,765,introduction vid by-  King  -,All the best vibes!
kinha,766,hard  [fake all],All the best vibes!
kinha,767,brazilian üó£,All the best vibes!
kinha,768,archangel michael just appeared üó£,All the best vibes!
kinha,769,these orthodox monks,All the best vibes!
kinha,770,lucifer or LOSEfer,All the best vibes!
kinha,771,fear God,All the best vibes!
kinha,772,jesus,All the best vibes!
kinha,773,jesusismylove,All the best vibes!
kinha,774,tiktok removed my last vid  -,All the best vibes!
kinha,775,part 2,All the best vibes!
kinha,776,King Baldwin IV of Jerusalem. -,All the best vibes!
kinha,777,these orthodox monks  [fake all] -,All the best vibes!
kinha,778,hard  [fake all],All the best vibes!
kinha,779,You really changed these past year what happen?,All the best vibes!
kinha,780,John 3-16,All the best vibes!
kinha,781,introduction vid by-  King,All the best vibes!
kinha,782,follow my other acc-  - idea-  ÿπÿ∏ŸäŸÖ,All the best vibes!
kinha,785,God Chose You,All the best vibes!
kinha,786,What Is Gog And Magog,All the best vibes!
kinha,788,Prayer before bed,All the best vibes!
kinha,789,jesus..is..my..hero,All the best vibes!
kinha,790,5 Bible Verses To Invite The Presence Of God,All the best vibes!
kinha,791,Scariest Prediction From The Bible,All the best vibes!
kinha,792,Share God's faith and love with those around you by living true to His values __and teachings.,All the best vibes!
kinha,793,Lord Jesus- God is Taking You Out of The Hour of,All the best vibes!
kinha,794,Jesus's Warning About Demonic Attacks,All the best vibes!
kinha,795,prayer_bible,All the best vibes!
kinha,796,Why Are Good People Hated,All the best vibes!
kinha,797,The Most Tragic Story Of Lust,All the best vibes!
kinha,798,The greatest man in history Jesus. Matthew 20-19  He said He would and that He is the Son of God as He claimed to be. Christ is alive! He is living today,All the best vibes!
kinha,800,Vishnupuran,Embrace your journey towards growth & self-discovery
kinha,801,Rama in front of love kush in war,Embrace your journey towards growth & self-discovery
kinha,802,march prade on shri rama,Embrace your journey towards growth & self-discovery
kinha,803,3 ‡§™‡•ç‡§∞‡§ï‡§æ‡§∞‡§ï‡•ã ‡§Æ‡§æ‡§®‡•ç‡§õ‡•á‡§π‡§∞‡•Å,Embrace your journey towards growth & self-discovery
kinha,804,Raaj dharam or love kush,Embrace your journey towards growth & self-discovery
kinha,805,first meet of shatrughan with love kush,Embrace your journey towards growth & self-discovery
kinha,806,True Brothers - Ramayana,Embrace your journey towards growth & self-discovery
kinha,807,love kush fight with shatrughan,Embrace your journey towards growth & self-discovery
kinha,808,love kush in from of shaturu ghan,Embrace your journey towards growth & self-discovery
kinha,809,History of ramanana,Embrace your journey towards growth & self-discovery
kinha,810,Love kush katha song,Embrace your journey towards growth & self-discovery
kinha,811,Goliath thought he had already won as soon as he saw David and laughed at him,All the best vibes!
kinha,812,The story of St. Peter and the upside down cross,All the best vibes!
kinha,813,There is no need to be anxious for tomorrow just do what must be done today and God will make your paths straight,All the best vibes!
kinha,814,In this verse Jesus is saying how many people will talk about how much they follow God but in reality they participate in things that they shouldn‚Äôt be doing,All the best vibes!
kinha,815,"Matthew 6-24 No man can serve two masters- for either he. will hate the one, and love the other; or else. he will hold to the one, and despise the other. You cannot serve both God and money",All the best vibes!
kinha,816,The story of prophet Elijah proving who the real God is,All the best vibes!
kinha,817,With God by your side nothing can stop you,All the best vibes!
kinha,818,You are like the lost shepherd needing to be guided by God,All the best vibes!
kinha,820,"As I live, says the Lord, every knee shall bow to me, and every tongue shall confess to God",All the best vibes!
kinha,821,This I believe - Hillsong Can I get an Amen,All the best vibes!
kinha,822,You will go through trials and tribulations but there is only one why up from being down and God is there to help you,All the best vibes!
kinha,824,Ramayan part 2,Embrace your journey towards growth & self-discovery
kinha,825,Ramayan part 3,Embrace your journey towards growth & self-discovery
kinha,826,Ramayana part 4,Embrace your journey towards growth & self-discovery
kinha,827,Ramayan part 5,Embrace your journey towards growth & self-discovery
kinha,828,Ramayan part 6,Embrace your journey towards growth & self-discovery
kinha,829,Ramayan part 8,Embrace your journey towards growth & self-discovery
kinha,830,Ramayan part 7,Embrace your journey towards growth & self-discovery
kinha,831,Ramayan part 10,Embrace your journey towards growth & self-discovery
kinha,832,Ramayan part 9,Embrace your journey towards growth & self-discovery
kinha,833,Ramayan part 1,Embrace your journey towards growth & self-discovery
kinha,834,I give thanks to Jesus Christ,All the best vibes!
kinha,837,No more things of this world Amen,All the best vibes!
kinha,838,JESUS CHRIST IS OUR SHEPHERD,All the best vibes!
kinha,841,"Dear Jesus Christ, please keep me safe",All the best vibes!
kinha,842,The Greatest Gift is Jesus Christ,All the best vibes!
kinha,844,We can make the world brighter with Jesus!,All the best vibes!
kinha,845,For God so loved the world,All the best vibes!
kinha,847,Jesus Christ is with you in sadness and grief,All the best vibes!
kinha,848,Dear Jesus... Thank You!,All the best vibes!
kinha,849,jesuschristhimself28013190402,All the best vibes!
kinha,850,Ramayan part 16,Embrace your journey towards growth & self-discovery
kinha,851,Ramayan part 11,Embrace your journey towards growth & self-discovery
kinha,852,Ramayan part 13,Embrace your journey towards growth & self-discovery
kinha,853,Ramayan part 19,Embrace your journey towards growth & self-discovery
kinha,854,Ramayan part 12,Embrace your journey towards growth & self-discovery
kinha,855,Ramayan part 15,Embrace your journey towards growth & self-discovery
kinha,856,Ramayan part 21,Embrace your journey towards growth & self-discovery
kinha,857,Ramayan part 14,Embrace your journey towards growth & self-discovery
kinha,858,Ramayan part 17,Embrace your journey towards growth & self-discovery
kinha,859,Ramayan part 18,Embrace your journey towards growth & self-discovery
kinha,860,Ramayan part 20,Embrace your journey towards growth & self-discovery
kinha,861,This will help you in better health and finincal stability,All the best vibes!
kinha,862,What ever God does in our life it with a purpose,All the best vibes!
kinha,863,In the mighty name of Jesus,All the best vibes!
kinha,864,Things are changing for you rapidly,All the best vibes!
kinha,865,Moment of prayer jesus god heavenly father,All the best vibes!
kinha,866,father lourd I am in your presence once again jesus,All the best vibes!
kinha,867,I believe you can do a miracale in my life,All the best vibes!
kinha,868,Father give me the sprit of excellence,All the best vibes!
kinha,869,Heavenly father jesus I am in your presence,All the best vibes!
kinha,870,Heavenly father jesus I come before you,All the best vibes!
kinha,871,Know that the loard he is god jesus,All the best vibes!
kinha,872,Ramayan part 22,Embrace your journey towards growth & self-discovery
kinha,873,Ramayan part 24,Embrace your journey towards growth & self-discovery
kinha,874,Ramayan part 23,Embrace your journey towards growth & self-discovery
kinha,875,Ramayan part 25,Embrace your journey towards growth & self-discovery
kinha,876,Ramayan part 26,Embrace your journey towards growth & self-discovery
kinha,877,Ramayan part 27,Embrace your journey towards growth & self-discovery
kinha,878,Ramayan part 28,Embrace your journey towards growth & self-discovery
kinha,879,Ramayan part 29,Embrace your journey towards growth & self-discovery
kinha,880,Ramayan part 30,Embrace your journey towards growth & self-discovery
kinha,881,Ramayan part 33,Embrace your journey towards growth & self-discovery
kinha,882,Ramayan part 32,Embrace your journey towards growth & self-discovery
kinha,883,Ramayan part 31,Embrace your journey towards growth & self-discovery
kinha,884,Ramayan part 24 Tadaka badh,Embrace your journey towards growth & self-discovery
kinha,885,jesuschristloveyou this is my kingdom,All the best vibes!
kinha,886,"A Divine Letter has Just Arrived only for you, Change & New Beginning For You  Lord Helps",All the best vibes!
kinha,887,jesuschristloveyou he is my saviour,All the best vibes!
kinha,888,jesuschristloveyou don't leave me,All the best vibes!
kinha,889,jesuschristloveyou allow me to love you,All the best vibes!
kinha,890,jesuschristloveyou you always help us,All the best vibes!
kinha,891,jesuschristloveyou jesus love me,All the best vibes!
kinha,892,"New Urgent Message from GOD Only for You, Come Love Of GOD is Calling You, Lord Helps",All the best vibes!
kinha,893,"God is in control A God has a purpose for you! Believe in miracles, in the strength of your journey",All the best vibes!
kinha,894,Powerful Prayer Please Don't Skip,All the best vibes!
kinha,895,jesus christ love you,All the best vibes!
kinha,896,God allways has a plan for youüôè‚ù§Ô∏è motivation inspiration life amazinggod jesuslover jesus  god,All the best vibes!
kinha,897,prayer changes person who pray amazing god amen god jesus jesuslover jesuschrist jesusislord christianity,All the best vibes!
kinha,898,A Special Message From GOD Only For YOU  You Must Hear This  Lord Helps,All the best vibes!
kinha,899,Ramayan part 41,Embrace your journey towards growth & self-discovery
kinha,900,Ramayan part 42,Embrace your journey towards growth & self-discovery
kinha,901,Ramayan part 44,Embrace your journey towards growth & self-discovery
kinha,902,Ramayan part 45,Embrace your journey towards growth & self-discovery
kinha,903,Ramayan part 43,Embrace your journey towards growth & self-discovery
kinha,904,Ramayan part 37,Embrace your journey towards growth & self-discovery
kinha,905,Ramayan part 39,Embrace your journey towards growth & self-discovery
kinha,906,Ramayan part 40,Embrace your journey towards growth & self-discovery
kinha,907,Ramayan part 36,Embrace your journey towards growth & self-discovery
kinha,908,Ramayan part 34,Embrace your journey towards growth & self-discovery
kinha,909,Ramayan part 35,Embrace your journey towards growth & self-discovery
kinha,910,Ramayan part 38,Embrace your journey towards growth & self-discovery
kinha,912,Ramayan part 47,Embrace your journey towards growth & self-discovery
kinha,913,Ramayan part 48,Embrace your journey towards growth & self-discovery
kinha,914,God is proud of you,All the best vibes!
kinha,915,Trust God‚Äôs timing,All the best vibes!
kinha,916,Isaiah 43-18 This verse reminds us to forget about the past and don‚Äôt think about such things,All the best vibes!
kinha,917,What Jesus Taught Us About Prayer In The Bible,All the best vibes!
kinha,918,Yes He Has,All the best vibes!
kinha,919,Stop Worrying,All the best vibes!
kinha,920,What Jesus Taught On The Holy Spirit,All the best vibes!
kinha,921,MY TESTIMONY,All the best vibes!
kinha,922,Jesus EXPOSED Satan!,All the best vibes!
kinha,923,Trust God,All the best vibes!
kinha,924,Ramayan part 49,Embrace your journey towards growth & self-discovery
kinha,925,Ramayan part 50,Embrace your journey towards growth & self-discovery
kinha,926,Ramayan 51,Embrace your journey towards growth & self-discovery
kinha,927,Ramayan part 52,Embrace your journey towards growth & self-discovery
kinha,928,Ramayan part 61,Embrace your journey towards growth & self-discovery
kinha,929,Ramayan part 59,Embrace your journey towards growth & self-discovery
kinha,930,Ramayan part 62,Embrace your journey towards growth & self-discovery
kinha,931,Ramayan part 56,Embrace your journey towards growth & self-discovery
kinha,932,Ramayan part 57,Embrace your journey towards growth & self-discovery
kinha,933,Ramayan part 55,Embrace your journey towards growth & self-discovery
kinha,934,Ramayan part 60,Embrace your journey towards growth & self-discovery
kinha,935,Ramayan part 53,Embrace your journey towards growth & self-discovery
kinha,936,Ramayan part 58,Embrace your journey towards growth & self-discovery
kinha,937,Ramayan part 54,Embrace your journey towards growth & self-discovery
kinha,938,"But the Lord laughs at the wicked, for he knows their day is coming",All the best vibes!
kinha,939,DON‚ÄôT be afraid of any challenge or obstacle. Remember it might not be possible with man but when God is on your side everything is possible.  Video idea credits,All the best vibes!
kinha,941,Stop saying you will do something tomorrow do it NOW!,All the best vibes!
kinha,942,This story shows us that we should never be judging other peoples sons when we are selves are the worst of sinners,All the best vibes!
kinha,943,You cannot keep praying to God for things when you wont change yourself first,All the best vibes!
kinha,944,You must be humble and understand that God hates the sin of pride,All the best vibes!
kinha,945,So many people died for there faith do you think people would die for a lie,All the best vibes!
kinha,946,Stop living with fear and become a warrior of God,All the best vibes!
kinha,947,The reason why lucifer was thrown out of heaven was for his rebellion against God and thinking he can be greater then God,All the best vibes!
kinha,948,When God is by your side nothing will happen to you,All the best vibes!
kinha,958,Ramayan part 64,Embrace your journey towards growth & self-discovery
kinha,959,Ramayan part 67,Embrace your journey towards growth & self-discovery
kinha,960,Wishing¬†You¬†All¬†A¬†Very¬†Happy Ramnavami ram navami,Embrace your journey towards growth & self-discovery
kinha,961,"Me and my family wish you a blessed and joyous Ram Navami filled with love, harmony, and prosperity. Happy Ram Navmi 2024",Embrace your journey towards growth & self-discovery
kinha,962,Happy ram navmi song,Embrace your journey towards growth & self-discovery
kinha,963,Happy Ram Navami song,Embrace your journey towards growth & self-discovery
kinha,964,Happy ram navami songs,Embrace your journey towards growth & self-discovery
kinha,965,Meri Chaukhat Pe Chalke Aaj Charo Dham Aaye Hai (Happy Ram Navami ) song,Embrace your journey towards growth & self-discovery
kinha,966,"Song title- Charno Main Raghuvar Ke by Nikhil Verma, KSHL Music and Jaani",Embrace your journey towards growth & self-discovery
kinha,968,Jai Shree Ram,Embrace your journey towards growth & self-discovery
kinha,969,Shri Ram Navmi,Embrace your journey towards growth & self-discovery
kinha,970,Happy Ram Navami to all my family and friends,Embrace your journey towards growth & self-discovery
kinha,971,There is no need to be anxious for tomorrow just do what must be done today and God will make your paths straight   11.ai,All the best vibes!
kinha,972,The story of St. Peter and the upside down cross,All the best vibes!
kinha,973,When we become like little children we let go of our pride and follow God with our heart,All the best vibes!
kinha,974,"Matthew 6-24 No man can serve two masters- for either he. will hate the one, and love the other; or else. he will hold to the one, and despise the other. You cannot serve both God and money",All the best vibes!
kinha,975,The story of prophet Elijah proving who the real God is,All the best vibes!
kinha,976,With God by your side nothing can stop you,All the best vibes!
kinha,977,You are like the lost shepherd needing to be guided by God,All the best vibes!
kinha,978,Its not our works that get us into heaven but the fact the Jesus died on the cross for our sins,All the best vibes!
kinha,979,You will go through trials and tribulations but there is only one why up from being down and God is there to help you,All the best vibes!
kinha,981,If they spit you behind your back it means you are better than them,All the best vibes!
kinha,982,We only have 2 lives - StoicMentor,All the best vibes!
kinha,983,Love your suffering,All the best vibes!
kinha,984,Dont make perfections instead make mistakes - StoicMentor,All the best vibes!
kinha,985,Its all in the state of mind - StoicMentor,All the best vibes!
kinha,987,If you belieive it will workout,All the best vibes!
kinha,990,17th April 2024. Ram Navami dates.,Embrace your journey towards growth & self-discovery
kinha,991,‡§∞‡§æ‡§Æ ‡§®‡§æ‡§Æ ‡§ï‡•Ä ‡§Æ‡§π‡§ø‡§Æ‡§æ  ‡§ú‡§Ø ‡§∂‡•ç‡§∞‡•Ä‡§∞‡§æ‡§Æ,Embrace your journey towards growth & self-discovery
kinha,992,Ram Navami -- Tere hawaale -- status--,Embrace your journey towards growth & self-discovery
kinha,993,Happy Ram Navami! Jai Shree ram,Embrace your journey towards growth & self-discovery
kinha,994,Ram Naam Ke Heere Moti‚ù£,Embrace your journey towards growth & self-discovery
kinha,995,Jis bhajan me ram ka naam na ho hus bhanja n ko gana na chiye jai shri ram,Embrace your journey towards growth & self-discovery
kinha,996,Ram Siya Ram Siya Ram Jai Jai Ram‚ù§,Embrace your journey towards growth & self-discovery
kinha,998,Skyfall,All the best vibes!
kinha,999,Jesus is coming,All the best vibes!
kinha,1000,Jesus Heals,All the best vibes!
kinha,1001,thekingofalljesus jesus heal everyone god,All the best vibes!
kinha,1002,servantberto jesus the lord,All the best vibes!
kinha,1003,There is nothing more God hares then sloth and laziness. Get up and show God the beauty of his own creation,All the best vibes!
kinha,1004,Jesus Chooses His 12 Deciples,All the best vibes!
kinha,1005,Jesus is on the very top  - Heavily inspired by karma.aml,All the best vibes!
kinha,1006,Jesus  - Inspired by goddslovee,All the best vibes!
kinha,1007,Jesus miracle,All the best vibes!
kinha,1008,"Me and my family wish you a blessed and joyous Ram Navami filled with love, harmony, and prosperity. Happy Ram Navmi 2024",Embrace your journey towards growth & self-discovery
kinha,1009,Power Of Jai Shree Ram  Follow For More Same Video,Embrace your journey towards growth & self-discovery
kinha,1010,Mantra Journey  Lord Ram Vs Lord Hanuman.,Embrace your journey towards growth & self-discovery
kinha,1011,Pious Ram Navami Fasting to all  Jai Shree Ram,Embrace your journey towards growth & self-discovery
kinha,1012,Jay shree ram  ‚ù§   God ram status   ‚ô•,Embrace your journey towards growth & self-discovery
kinha,1013,This scientific discovery proveds proof of the Ram Setu (bridge) that Lord Ram and his followers used to cross from India to Sri Lanka,Embrace your journey towards growth & self-discovery
kinha,1014,Mantra Journey  Lord Shri Ram and Goddess Sita's marriage.,Embrace your journey towards growth & self-discovery
kinha,1015,"Jai Shri Ram Glory to Lord Rama or Victory to Lord Rama. The proclamation has been used by Hindus as a symbol of adhering to Hindu faith, or for projection of varied faith-",Embrace your journey towards growth & self-discovery
kinha,1016,jai shree ram  May the divine and ever loving Lord Rama always be with you.,Embrace your journey towards growth & self-discovery
kinha,1017,JAI SHREE RAM,Embrace your journey towards growth & self-discovery
kinha,1018,5 Lessons from Lord Ram .,Embrace your journey towards growth & self-discovery
kinha,1019,How did Lord Ram trick Hanuman,Embrace your journey towards growth & self-discovery
kinha,1020,some lessons you can learn from lord Ram,Embrace your journey towards growth & self-discovery
kinha,1021,"Devotional is Jesus Calling by Sarah Young. ü´∂ Verses are- Colossians 1-27, Isaiah 42-6, Nehemiah 8-10, Romans 15-13",All the best vibes!
kinha,1022,God has a plan for you!,All the best vibes!
kinha,1023,Movie - Jesus revolution,All the best vibes!
kinha,1024,puremotivation,All the best vibes!
kinha,1025,There is no need to be anxious for tomorrow just do what must be done today and God will make your paths straight,All the best vibes!
kinha,1026,Do you believe in Jesus Christ Not everyone says no ü•π,All the best vibes!
kinha,1028,That one Jesus edit,All the best vibes!
kinha,1029,Dont put your faith in astrology and crystals,All the best vibes!
kinha,1030,Never be discouraged remember Deuteronomy,All the best vibes!
kinha,1031,Nothing would temp Jesus and satan fell like lighting,All the best vibes!
kinha,1032,"As I live, says the Lord, every knee shall bow to me, and every tongue shall confess to God",All the best vibes!
kinha,1033,In this verse Jesus is saying how many people will talk about how much they follow God but in reality they participate in things that they shouldn‚Äôt be doing,All the best vibes!
kinha,1034,‡§π‡§®‡•Å‡§Æ‡§æ‡§® ‡§ú‡•Ä ‡§®‡•á ‡§§‡•ã‡§°‡§æ ‡§ó‡§∞‡•Å‡§£ ‡§ú‡•Ä ‡§ï‡§æ ‡§ò‡§Æ‡§Ç‡§° üî•üïâÔ∏èüö©__ Ram Siya Ram __ Jai Shree Ram __ #hanuman #hanumanchalisa,Embrace your journey towards growth & self-discovery
kinha,1035,‡§∞‡§æ‡§Æ‡§æ‡§Ø‡§£ ‡§ï‡§æ‡§≤ ‡§ï‡§æ ‡§∂‡§ï‡•ç‡§§‡§ø‡§∂‡§æ‡§≤‡•Ä ‡§Ø‡•ã‡§¶‡•ç‡§ß‡§æ ü§î _ Facts About Ramayana _ #shorts #viral #shortvideo,Embrace your journey towards growth & self-discovery
kinha,1036,This Proves That the Ramayana Really Happened,Embrace your journey towards growth & self-discovery
kinha,1037,Ramayan,Embrace your journey towards growth & self-discovery
kinha,1038,99% ‡§≤‡•ã‡§ó ‡§ú‡§æ‡§®‡§§‡•á ‡§π‡•à ‡§∞‡§æ‡§Æ‡§æ‡§Ø‡§£ ‡§ï‡•Ä ‡§Ø‡§π ‡§¨‡§æ‡§§ üò± _ Facts About Ramayan #shorts #shortvideo #viral,Embrace your journey towards growth & self-discovery
kinha,1039,Lessons from Lord Rama  Jai Shree Ram,Embrace your journey towards growth & self-discovery
kinha,1040,Ravana is the main antagonist in the Hindu epic Ramayana. He is depicted as a powerful demon king who abducts,Embrace your journey towards growth & self-discovery
kinha,1041,The Ramayana is an ancient Indian epic that tells the story of Prince Rama and his quest to rescue his wife Sita from the demon king Ravana,Embrace your journey towards growth & self-discovery
kinha,1042,Jay Shree Ram New Video üö©üö©üö© #viralvideo #tiktok #viralshort üö©üö©üö©,Embrace your journey towards growth & self-discovery
kinha,1043,hanumanji angry attitude status #shorts #viral #hanumanjistatus,Embrace your journey towards growth & self-discovery
kinha,1044,HANUMAN ji powerful statusüí™üî•üî• #hanuman #hanumanji #ramayan #ram #shorts #status,Embrace your journey towards growth & self-discovery
kinha,1045,__ Laxman ji Parshuram ji Samvad __ Power of Parshuram ji #shorts #status #sanatandha #hindutva,Embrace your journey towards growth & self-discovery
kinha,1046,Hanuman Ji Love For Shri Ram üïâÔ∏è _ Hanuman Ji üìøNe Sindurüö© Lagya Ram Ji ke Liye#shorts,Embrace your journey towards growth & self-discovery
kinha,1047,Ram Aayenge üö© __ Ayodhya Ram Mandir üö© __ Prabhu Shri Ram Status üö© __ #shorts #rammandir #jaishreeram,Embrace your journey towards growth & self-discovery
kinha,1048,Wait for end ü•∂üö© #sanatandharma #sanatan #ram #ramayan #hindu,Embrace your journey towards growth & self-discovery
kinha,1049,‡§∞‡§æ‡§Æ ‡§ï‡§æ ‡§®‡§æ‡§Æ ‡§∏‡•Å‡§®‡§ï‡§∞ ‡§µ‡§π ‡§¶‡•å‡§°‡§º‡•á ‡§ö‡§≤‡•á ‡§Ü‡§è‡§Ç‡§ó‡•á ‚ö°#shorts#shunyasanatan #ram #hanuman #krishna,Embrace your journey towards growth & self-discovery
kinha,1050,Ram Chanting by Hanuman ji #ram #hanumanji #shreeram #hanuman #shorts,Embrace your journey towards growth & self-discovery
kinha,1052,Shree ram angry üí¢üò°#balaji#hanumanji#power#shreeram#shorts,Embrace your journey towards growth & self-discovery
kinha,1053,Jesus Once Said This‚Ä¶ü§Ø‚úùÔ∏è #shorts #youtube #jesus #bible #christian #newtestament #fyp„Ç∑,All the best vibes!
kinha,1054,"For the sake of biblical accuracy, we cut out Simon levitating above the water. ;)",All the best vibes!
kinha,1055,JESUS CHRIST #jesus #deus #shorts #god #tiktok #viral #jesuslove #bing #yeshu,All the best vibes!
kinha,1056,How Jesus Is Really Coming Back! ü§Øüò±üî• #shorts #youtube #jesus #faith #revelation #newtestament,All the best vibes!
kinha,1057,üò± JESUS üò± GOD JESUS jesus,All the best vibes!
kinha,1059,üëâBible Verse # 22 ‚úù #Godisgood #jesuschrist,All the best vibes!
kinha,1060,Alpha and Omega üò±,All the best vibes!
kinha,1062,Did you miss out on $PEPE  ‚Ä®People turned $100 into $1 million in the past 30 day,Learn more about tokens!
kinha,1063,you'll never be alone_ @Grace__Galore _ Jesus english song status,All the best vibes!
kinha,1064,What is DAI Stablecoin,Learn more about tokens!
kinha,1065,"Why Should I Buy $BNB === People always ask WHEN a good time to buy crypto is, but they should really be asking WHY they should",Learn more about tokens!
kinha,1066,Silicon Valley Bank has sent shockwaves through the crypto world by causing $USDC to depeg.,Learn more about tokens!
kinha,1074,Replying to @Thomas darya You are right for some! #pepe #crypto #memecoins,Learn more about tokens!
kinha,1075,What‚Äôs causing ETH to go deflationary_ And what is XEN. #xen #cryptok #ethereum ,Learn more about tokens!
kinha,1076,Ethereum Meme Coins #michi.,Learn more about tokens!
kinha,1077,Flappy Ethereum Meme Coins #Flappy #meme.,Learn more about tokens!
kinha,1078,This guy just became a millionaire OVERNIGHT! #crypto #memecoin #memecoins #cryptocurrency #bonk #cryptonews #cryptoinvestor #cryptok,Learn more about tokens!
kinha,1079,Top 3 #dogwithat #memecoins for the #bullmarket #altcoins #memes,Learn more about tokens!
kinha,1080,Brett the meme topken #memecoins for the #bullmarket #altcoins #memes,Learn more about tokens!
kinha,1081,Risposta a @Meme guy  Do you hold any of these memecoins_ üöÄüî•üëÄ #crypto #cryptok #altcoin #bitcoin #ethereum #solana #cryptocurrency #memecoin #cryponews #coinbase #brett #floki #birddog,Learn more about tokens!
kinha,1082,Risposta a @Don Pepe  Monky up 4x from my last video üöÄüî•üëÄ #crypto #cryptok #altcoin #bitcoin #ethereum #solana #cryptocurrency #memecoin #cryponews #coinbase #monky #coin,Learn more about tokens!
kinha,1083,Brett new videp on brett token üöÄüî•üëÄ #crypto #cryptok #ethereum #cryptocurrency #memecoin #cryponews #coinbase #monky #coin,Learn more about tokens!
kinha,1084,Chainswap and chainlink are now official partners!!! #endthestruggletogether #chainswap #chainlink #crypto #cryptok #ethereum #cryptocurrency #memecoin #cryponews #coinbase #monky #coin,Learn more about tokens!
kinha,1085,This is exactly how to Hoppy meme coins yourself! #crypto #memecoin #solana #ethereum #trojan #crypto #cryptok #ethereum #cryptocurrency #memecoin #cryponews #coinbase #monky #coin,Learn more about tokens!
kinha,1086,What crypto are you most bullish on_ üëáüèªüî•üöÄ #crypto #cryptok #altcoin #bitcoin #ethereum #solana #memecoin #aicrypto #token2049 #dubai #cryptocurrency  #ethereum #trojan #crypto #cryptok #ethereum #cryptocurrency #memecoin #cryponews #coinbase #monky #coin,Learn more about tokens!
kinha,1087,Make Money from Staking Ether(ETH) üí∞#investing #proofofstake #ethereum #memecoin #aicrypto #token2049 #dubai #cryptocurrency  #ethereum #trojan #crypto #cryptok #ethereum #cryptocurrency #memecoin #cryponews #coinbase #monky #coin,Learn more about tokens!
kinha,1088,Big News_ Blackrock's Ethereum ETF Likely to Be Approved in July! This will cause a big pump for the crypto market so now is the tike to front run #cryptonews #ethereum #eth #fyp #foryou #CapCut,Learn more about tokens!
kinha,1096,Interesting podcast with James in the Diary of a CEO hosted by @Steven Bartlett ü§Ø - #relationshipadvice #relationshiptip #loveadvice,All the best vibes!
kinha,1097,SHARE this potent principle from my recent appearance on Lewis Howes' podcast. Worldly success without a joyful heart is fool‚Äôs gold.mp4,All the best vibes!
kinha,1098,Why are men not doing as well in today‚Äôs society? #wisdom #inspiration #motivation.mp4,All the best vibes!
kinha,1099,"To me, work is not only a worldly pursuit but also a spiritual one. There I said it. Needed to. As strange as it may sound. Yes‚Äîyou and I must work. To pay our bills and to fulfill our responsibilities.mp4",All the best vibes!
kinha,1100,Cheri Mah in The Diary of a CEO hosted by @Steven Bartlett ü§Ø - #sleeptime #sleeptips #naps #thediaryofaceo .mp4,All the best vibes!
kinha,1101,"Women are killing it, how do we lift up men to make better partners for them_ #wisdom #inspiration #motivation .mp4",All the best vibes!
kinha,1102,I‚Äôm on a monomaniacal mission to help millions of our brothers and sisters  Formula so they reclaim intimacy with their greatest selves.mp4,All the best vibes!
kinha,1103,The end ü•∫üò¢üò≠ #wisdom #inspration #gettingbettereveryday .mp4,All the best vibes!
kinha,1104,Interesting podcast with Dr Cheri Mah hosted by @Steven Bartlett ü§Ø - #lifeadvices #healthadvice #schooltime #sleepadvice #sleeptime #thediaryofaceo .mp4,All the best vibes!
kinha,1105,No great life was ever built on a foundation of excuses. So stop making them. Most of them are self-created delusions. [Leave a ‚ÄúYES‚Äù in the comments below if you agree!],All the best vibes!
kinha,1106,Understanding what it is can make it change drastically. #spirituality #wisdom #inspiration #healing,All the best vibes!
kinha,1107,Robert Greene in The Diary of a CEO hosted by @Steven Bartlett ü§Ø - #lifeadvices #your20s #adviceforyou #liveyourlife #robertgreene,All the best vibes!
kinha,1108,Dr Aseem in The Diary of a CEO hosted by @Steven Bartlett ü§Ø - #lifeadvices #healthadvice #healthtip #gymadvice #thediaryofaceo,All the best vibes!
kinha,1109,"Humbleness is a sign of bigness - never weakness. Living the noble virtues of honesty, generosity, justice, understanding, compassion, forgiveness, and civility never goes out of style",All the best vibes!
kinha,1110,You can win the ‚ÄúRat Race‚Äù but you will still be a ‚ÄúRat‚Äù‚Ä¶ sometimes a small push can send you on a wonder spiritual journey for the rest of your life. #amazing #spirituality #motivation #wisdom,All the best vibes!
kinha,1111,Evy Poumpouras in The Diary of a CEO hosted by @Steven Bartlett ü§Ø - #lifeadvices #mindsetgrowth #personalgrowth #evypoumpouras #thediaryofaceo,All the best vibes!
kinha,1113,The Secret. #motivation #wisdom #inspiration,All the best vibes!
kinha,1115,"hard word, does it matters??...Let me give you two examples.Leadership is a myth",All the best vibes!
kinha,1116,"Work hard when you work, and then enjoy life and play",All the best vibes!
kinha,1117,Too much exercise can be harmful. About 11% alite atheletes may develop severe heart issues by age 50.,All the best vibes!
kinha,1119,"You need fun, you need adventure, you need some looseness. But it has to have some direction to it",All the best vibes!
kinha,1120,The universe is neutral; your focus and values shape what you create,All the best vibes!
kinha,1121,"When disrespected, first consider what you've done to allow it and reflect on the standards you've set.",All the best vibes!
kinha,1122,Your priorities are the lighthouses that will guide you.You want to be true to yourself,All the best vibes!
kinha,1123,"Small, daily, seemingly, insignificant contributions, when done consistently over time lead to stunning results",All the best vibes!
kinha,1124,Addiction as a coping mechanism. #gabormate #healing #awakening,All the best vibes!
kinha,1125,‚ÄúGet a Helmet‚Ä¶‚Äù ü™ñ - Candace Owens - #candaceowens #woke #lgbtqactivist,All the best vibes!
kinha,1126,Energy is more valuable than intelligence. Battleproof your elite health and get ultra-fit to lead.üî•#leadership #productivity #service #inspiration,All the best vibes!
kinha,1127,‚ÄúI Don‚Äôt Hear The Men Whining‚Ä¶‚Äù ü§î - #pearldavis #genderpaygap #paygapawareness,All the best vibes!
kinha,1129,The criticism is awesome soil within which to grow your faith in yourself. And your ironclad trust in your finest instincts.#leadership #productivity #service ##Love#critics #criticism,All the best vibes!
kinha,1131,Depressed deep rest. #motivation #dailyinspiration #wisdom,All the best vibes!
kinha,1132,Interesting podcast with Dr Bret in The Diary of a CEO hosted by @Steven Bartlett ü§Ø - #lifeadvices #careeradvice #careertips #thediaryofaceo,All the best vibes!
kinha,1133,‚ÄúWho‚Äôs Happier‚Ä¶‚Äù ü§î - Sadia Khan - #traditionalwomen #traditionalculture #realtalks #sadiakhan,All the best vibes!
kinha,1134,Our brains are amazing #goggins #dailywisdom #motivation,All the best vibes!
kinha,1135,The criticism is awesome soil within which to grow your faith in yourself. And your ironclad trust in your finest instincts.#leadership #productivity #service ##Love#critics #criticism,All the best vibes!
kinha,1136,Change your environment‚Ä¶ üíØ - Jeannie Mai - Credits_ The same room - #mindsetgrowth #mindsetmatter #personalgrowthtips #mindsetquote #realtalks #jeanniemai,All the best vibes!
kinha,1137,‚ÄúThere‚Äôs a lot you can share‚Ä¶‚Äù ü§ç - Codie Sanchez - Credits_ Chris Willx - #relationshipsadvice #couplesadvice #relationshipgoal #couplegoals #powercouple #codiesanchez,All the best vibes!
kinha,1138,Beauty in unison #gabormate #healthy #inspiration,All the best vibes!
kinha,1139,The good old days‚Ä¶ üòû - Candace Owens - #relationshipquote #marriagequote #oldrelationship #realtalks #candaceowens,All the best vibes!
kinha,1140,5 simple ways to make this day better. üôèüèΩ#leadership #productivity #service #betterdays,All the best vibes!
kinha,1141,Let them be‚Ä¶ #melrobbins #inspiration #dailymotivation,All the best vibes!
kinha,1142,That‚Äôs an interesting question‚Ä¶ ü§î - #streetinterviews #hormones #malehormones #femalehormones #realtalks,All the best vibes!
kinha,1143,Dream Big. Start small. Act now.#leadership #productivity #service #dream,All the best vibes!
kinha,1144,‚ÄúYour relationship with your sibiling‚Ä¶‚Äù ‚ù§Ô∏è - #maddisonbeer #sibiling #sibilinglove #sibilinggoals #realtalks,All the best vibes!
kinha,1145,Look at emotion with no judgement. #powerful #drjuliesmith #dailywisdom,All the best vibes!
kinha,1146,5 Ways To Be An Exceptional Learner #leadership #productivity #service #learn,All the best vibes!
kinha,1147,Self-love is not a weak sport. People who hate themselves pour hate into the world.Those who honor themselves uplift it. Do you agree_ üôèüèΩ #leadership  #productivity  #service,All the best vibes!
kinha,1148,How can you heal your trauma_ #inspiration #dailywisdom #gabormate,All the best vibes!
kinha,1149,‚ÄúThey reject it‚Ä¶‚Äù üíî - Sadia Khan - #relationshipsadvice #relationshiptip #traumatized #realtalks #sadiakhan,All the best vibes!
kinha,1150,Built different. #motivation #michaelbjordan #dailywisdom,All the best vibes!
kinha,1151,Leave a ‚úäüèæ below if you needed to hear this. üôèüèΩ #leadership #productivity #service,All the best vibes!
kinha,1152,The difference between men and women‚Ä¶ ü§î - Pearl Davis - #menvswomen #menvswomenchallenge #womenvsmen #realtalks #pearldavis,All the best vibes!
kinha,1153,Its not a compromise‚Ä¶ #dailywisdom #jordanpeterson #motivation,All the best vibes!
kinha,1154,"I‚Äôve heard so many gurus say that ideas are the currency of success and thinking drives the New Economy and we become what we consider all day long. But, to me, ideation without execution is mere delusion",All the best vibes!
kinha,1155,‚ÄúIt is a superpower‚Ä¶‚Äù ‚ù§Ô∏è - Candace Owens - #quotesforwomen #adviceforwomen #motherquote #realtalks #candaceowens,All the best vibes!
kinha,1156,Rest isn‚Äôt a luxury‚Äîit‚Äôs an absolute NECESSITY for growth and the full expression of your gifts + talents. #leadership #productivity #service #rest #recovery #relaxation,All the best vibes!
kinha,1157,‚ÄúThat what sells eveing news‚Ä¶‚Äù ü§Ø - Speaker_ Neil DeGrasse Tyson - #fakenewsmedia #fakenews #neildegrassetyson,All the best vibes!
kinha,1158,Seek truth and adventure awaits! #dailywisdom #inspiration #jordanpeterson,All the best vibes!
kinha,1159,Its how you lead your life‚Ä¶ #traviskelce #taylorswift #motivation #SuperBowl #inspiration,All the best vibes!
kinha,1160,‚ÄúMost men live lives‚Ä¶‚Äù üíî - Joe Rogan - #manquote #quoteformen #adviceforman #menlife #realtalks #joerogan,All the best vibes!
kinha,1161,"In a world of trivial distraction, battleproof your focus. Work in quietude, on a big problem that will revolutionize the lives of those you serve.   #leadership #productivity #service #focus #tactics #top5",All the best vibes!
kinha,1162,Be a minimalist versus a maximalist. Live to the point. Say NO to most activities so you can build the rest of your life around your gorgeous priorities. #leadership #productivity #service #productive #productivity #minimalist,All the best vibes!
kinha,1163,MORE‚Ä¶ #ye #kanyewest #kobebryant #motivation,All the best vibes!
kinha,1164,How to identify a good women‚Ä¶ üíé - Credits_ JustPearlyThings - #traditionalwomen #goodwomen #traditionalvalues #relationshipadviceformen,All the best vibes!
mike,38,meditateüßò‚Äç‚ôÇÔ∏è,All the best vibes!
mike,39,take the holy vible pill :),All the best vibes!
mike,40,trials to test you...,All the best vibes!
mike,43,why are you here?,All the best vibes!
mike,44,escape the matrix,All the best vibes!
mike,46,reject cheap dopamine,All the best vibes!
mike,47,be aware...,All the best vibes!
mike,49,2 truths to set you free,All the best vibes!
mike,50,LIVE!,All the best vibes!
mike,52,Matthew 25:29,All the best vibes!
mike,54,Change your environment!,All the best vibes!
mike,56,keep on fighting!! üò§,All the best vibes!
mridul,997,Words are like keys,All the best vibes!
swapnil,459,"Have Faith, and keep moving Forward...","Accelerating gratitude, positivity & appreciation "
swapnil,784,"OvaDrive! Day 1 of sharing UPDATES till we reach WHOOPING 100K users.

Android: https://lnkd.in/g3hJSFN2
iOS: https://lnkd.in/gGT4-Sq9",Unlock The Power Of Your 2nd Brain üß†
swapnil,1069,OvaDrive! Day 2 of sharing UPDATES till we reach WHOOPING 100K users.,Unlock The Power Of Your 2nd Brain üß†
swapnil,1070,"OvaDrive! Day 3 of sharing UPDATES till we reach WHOOPING 100K users.

Android: https://play.google.com/store/apps/details?id=com.ovadrive.app
iOS: https://apps.apple.com/us/app/ovadrive/id6472385744",Unlock The Power Of Your 2nd Brain üß†
swapnil,1071,"OvaDrive! Day 4 of sharing UPDATES till we reach WHOOPING 100K users.

Android: https://play.google.com/store/apps/details?id=com.ovadrive.app
iOS: https://apps.apple.com/us/app/ovadrive/id6472385744",Unlock The Power Of Your 2nd Brain üß†
swapnil,1073,"OvaDrive! Day 5 of sharing UPDATES till we reach WHOOPING 100K users.

Android: https://play.google.com/store/apps/details?id=com.ovadrive.app
iOS: https://apps.apple.com/us/app/ovadrive/id6472385744",Unlock The Power Of Your 2nd Brain üß†
tarak,633,The Perspective Limiter.,All the best vibes!
tarak,634,gratitube,"Accelerating gratitude, positivity & appreciation "
ybctjr2q9r_01l6i9f7c,1092,water park yay,All the best vibes!
